<?xml version="1.0" encoding="UTF-8" standalone="yes"?>
<addon id="plugin.video.SMCWiz" name="SMCWiz" version="1.0.0" provider-name="Sparksammmy">
  <requires>
    <import addon="xbmc.python" version="2.1.0"/>
  </requires>
  <extension point="xbmc.python.pluginsource" library="default.py">
        <provides>video executable</provides>
  </extension>
  <extension point="xbmc.addon.metadata">
    <summary lang="en">Sparksammmy Media Center</summary>
    <description lang="en">Best Kodi build 17.6</description>
	<website>http://sparksammy.com</website>
    <platform>all</platform>
  </extension>
</addon>
